{"tb0003.png300": {"fileref": "", "size": 300, "filename": "tb0003.png", "base64_img_data": "", "file_attributes": {}, "regions": {"0": {"shape_attributes": {"name": "polygon", "all_points_x": [259, 360, 360, 259], "all_points_y": [44, 44, 182, 182]}, "region_attributes": {}}}}, "tb0004.png300": {"fileref": "", "size": 300, "filename": "tb0004.png", "base64_img_data": "", "file_attributes": {}, "regions": {"0": {"shape_attributes": {"name": "polygon", "all_points_x": [110, 210, 210, 110], "all_points_y": [69, 69, 181, 181]}, "region_attributes": {}}}}, "tb0005.png300": {"fileref": "", "size": 300, "filename": "tb0005.png", "base64_img_data": "", "file_attributes": {}, "regions": {"0": {"shape_attributes": {"name": "polygon", "all_points_x": [128, 244, 244, 128], "all_points_y": [56, 56, 150, 150]}, "region_attributes": {}}}}, "tb0006.png300": {"fileref": "", "size": 300, "filename": "tb0006.png", "base64_img_data": "", "file_attributes": {}, "regions": {"0": {"shape_attributes": {"name": "polygon", "all_points_x": [324, 414, 414, 324], "all_points_y": [79, 79, 183, 183]}, "region_attributes": {}}}}, "tb0007.png300": {"fileref": "", "size": 300, "filename": "tb0007.png", "base64_img_data": "", "file_attributes": {}, "regions": {"0": {"shape_attributes": {"name": "polygon", "all_points_x": [381, 421, 421, 381], "all_points_y": [126, 126, 170, 170]}, "region_attributes": {}}}}, "tb0009.png300": {"fileref": "", "size": 300, "filename": "tb0009.png", "base64_img_data": "", "file_attributes": {}, "regions": {"0": {"shape_attributes": {"name": "polygon", "all_points_x": [79, 241, 241, 79], "all_points_y": [93, 93, 328, 328]}, "region_attributes": {}}}}, "tb0012.png300": {"fileref": "", "size": 300, "filename": "tb0012.png", "base64_img_data": "", "file_attributes": {}, "regions": {"0": {"shape_attributes": {"name": "polygon", "all_points_x": [297, 453, 453, 297], "all_points_y": [101, 101, 425, 425]}, "region_attributes": {}}}}, "tb0014.png300": {"fileref": "", "size": 300, "filename": "tb0014.png", "base64_img_data": "", "file_attributes": {}, "regions": {"0": {"shape_attributes": {"name": "polygon", "all_points_x": [307, 442, 442, 307], "all_points_y": [62, 62, 208, 208]}, "region_attributes": {}}}}, "tb0015.png300": {"fileref": "", "size": 300, "filename": "tb0015.png", "base64_img_data": "", "file_attributes": {}, "regions": {"0": {"shape_attributes": {"name": "polygon", "all_points_x": [144, 270, 270, 144], "all_points_y": [52, 52, 168, 168]}, "region_attributes": {}}}}, "tb0017.png300": {"fileref": "", "size": 300, "filename": "tb0017.png", "base64_img_data": "", "file_attributes": {}, "regions": {"0": {"shape_attributes": {"name": "polygon", "all_points_x": [288, 404, 404, 288], "all_points_y": [111, 111, 213, 213]}, "region_attributes": {}}}}, "tb0018.png300": {"fileref": "", "size": 300, "filename": "tb0018.png", "base64_img_data": "", "file_attributes": {}, "regions": {"0": {"shape_attributes": {"name": "polygon", "all_points_x": [307, 451, 451, 307], "all_points_y": [81, 81, 265, 265]}, "region_attributes": {}}}}, "tb0019.png300": {"fileref": "", "size": 300, "filename": "tb0019.png", "base64_img_data": "", "file_attributes": {}, "regions": {"0": {"shape_attributes": {"name": "polygon", "all_points_x": [130, 237, 237, 130], "all_points_y": [124, 124, 245, 245]}, "region_attributes": {}}}}, "tb0020.png300": {"fileref": "", "size": 300, "filename": "tb0020.png", "base64_img_data": "", "file_attributes": {}, "regions": {"0": {"shape_attributes": {"name": "polygon", "all_points_x": [308, 366, 366, 308], "all_points_y": [112, 112, 170, 170]}, "region_attributes": {}}}}, "tb0021.png300": {"fileref": "", "size": 300, "filename": "tb0021.png", "base64_img_data": "", "file_attributes": {}, "regions": {"0": {"shape_attributes": {"name": "polygon", "all_points_x": [290, 398, 398, 290], "all_points_y": [71, 71, 164, 164]}, "region_attributes": {}}}}, "tb0024.png300": {"fileref": "", "size": 300, "filename": "tb0024.png", "base64_img_data": "", "file_attributes": {}, "regions": {"0": {"shape_attributes": {"name": "polygon", "all_points_x": [138, 173, 173, 138], "all_points_y": [119, 119, 149, 149]}, "region_attributes": {}}}}, "tb0026.png300": {"fileref": "", "size": 300, "filename": "tb0026.png", "base64_img_data": "", "file_attributes": {}, "regions": {"0": {"shape_attributes": {"name": "polygon", "all_points_x": [317, 454, 454, 317], "all_points_y": [45, 45, 185, 185]}, "region_attributes": {}}}}, "tb0027.png300": {"fileref": "", "size": 300, "filename": "tb0027.png", "base64_img_data": "", "file_attributes": {}, "regions": {"0": {"shape_attributes": {"name": "polygon", "all_points_x": [319, 421, 421, 319], "all_points_y": [148, 148, 271, 271]}, "region_attributes": {}}}}, "tb0028.png300": {"fileref": "", "size": 300, "filename": "tb0028.png", "base64_img_data": "", "file_attributes": {}, "regions": {"0": {"shape_attributes": {"name": "polygon", "all_points_x": [173, 276, 276, 173], "all_points_y": [57, 57, 146, 146]}, "region_attributes": {}}}}, "tb0029.png300": {"fileref": "", "size": 300, "filename": "tb0029.png", "base64_img_data": "", "file_attributes": {}, "regions": {"0": {"shape_attributes": {"name": "polygon", "all_points_x": [351, 458, 458, 351], "all_points_y": [55, 55, 225, 225]}, "region_attributes": {}}}}, "tb0030.png300": {"fileref": "", "size": 300, "filename": "tb0030.png", "base64_img_data": "", "file_attributes": {}, "regions": {"0": {"shape_attributes": {"name": "polygon", "all_points_x": [308, 460, 460, 308], "all_points_y": [64, 64, 252, 252]}, "region_attributes": {}}}}, "tb0031.png300": {"fileref": "", "size": 300, "filename": "tb0031.png", "base64_img_data": "", "file_attributes": {}, "regions": {"0": {"shape_attributes": {"name": "polygon", "all_points_x": [389, 459, 459, 389], "all_points_y": [276, 276, 324, 324]}, "region_attributes": {}}}}, "tb0032.png300": {"fileref": "", "size": 300, "filename": "tb0032.png", "base64_img_data": "", "file_attributes": {}, "regions": {"0": {"shape_attributes": {"name": "polygon", "all_points_x": [62, 146, 146, 62], "all_points_y": [66, 66, 140, 140]}, "region_attributes": {}}}}, "tb0033.png300": {"fileref": "", "size": 300, "filename": "tb0033.png", "base64_img_data": "", "file_attributes": {}, "regions": {"0": {"shape_attributes": {"name": "polygon", "all_points_x": [358, 452, 452, 358], "all_points_y": [155, 155, 257, 257]}, "region_attributes": {}}}}, "tb0034.png300": {"fileref": "", "size": 300, "filename": "tb0034.png", "base64_img_data": "", "file_attributes": {}, "regions": {"0": {"shape_attributes": {"name": "polygon", "all_points_x": [385, 461, 461, 385], "all_points_y": [205, 205, 287, 287]}, "region_attributes": {}}}}, "tb0036.png300": {"fileref": "", "size": 300, "filename": "tb0036.png", "base64_img_data": "", "file_attributes": {}, "regions": {"0": {"shape_attributes": {"name": "polygon", "all_points_x": [137, 204, 204, 137], "all_points_y": [145, 145, 204, 204]}, "region_attributes": {}}}}, "tb0037.png300": {"fileref": "", "size": 300, "filename": "tb0037.png", "base64_img_data": "", "file_attributes": {}, "regions": {"0": {"shape_attributes": {"name": "polygon", "all_points_x": [87, 168, 168, 87], "all_points_y": [128, 128, 209, 209]}, "region_attributes": {}}}}, "tb0040.png300": {"fileref": "", "size": 300, "filename": "tb0040.png", "base64_img_data": "", "file_attributes": {}, "regions": {"0": {"shape_attributes": {"name": "polygon", "all_points_x": [298, 390, 390, 298], "all_points_y": [77, 77, 163, 163]}, "region_attributes": {}}}}, "tb0042.png300": {"fileref": "", "size": 300, "filename": "tb0042.png", "base64_img_data": "", "file_attributes": {}, "regions": {"0": {"shape_attributes": {"name": "polygon", "all_points_x": [279, 450, 450, 279], "all_points_y": [74, 74, 319, 319]}, "region_attributes": {}}}}, "tb0043.png300": {"fileref": "", "size": 300, "filename": "tb0043.png", "base64_img_data": "", "file_attributes": {}, "regions": {"0": {"shape_attributes": {"name": "polygon", "all_points_x": [76, 271, 271, 76], "all_points_y": [61, 61, 267, 267]}, "region_attributes": {}}}}, "tb0045.png300": {"fileref": "", "size": 300, "filename": "tb0045.png", "base64_img_data": "", "file_attributes": {}, "regions": {"0": {"shape_attributes": {"name": "polygon", "all_points_x": [126, 248, 248, 126], "all_points_y": [56, 56, 179, 179]}, "region_attributes": {}}}}, "tb0047.png300": {"fileref": "", "size": 300, "filename": "tb0047.png", "base64_img_data": "", "file_attributes": {}, "regions": {"0": {"shape_attributes": {"name": "polygon", "all_points_x": [114, 238, 238, 114], "all_points_y": [124, 124, 332, 332]}, "region_attributes": {}}}}, "tb0049.png300": {"fileref": "", "size": 300, "filename": "tb0049.png", "base64_img_data": "", "file_attributes": {}, "regions": {"0": {"shape_attributes": {"name": "polygon", "all_points_x": [337, 396, 396, 337], "all_points_y": [123, 123, 202, 202]}, "region_attributes": {}}}}, "tb0050.png300": {"fileref": "", "size": 300, "filename": "tb0050.png", "base64_img_data": "", "file_attributes": {}, "regions": {"0": {"shape_attributes": {"name": "polygon", "all_points_x": [291, 411, 411, 291], "all_points_y": [151, 151, 317, 317]}, "region_attributes": {}}}}, "tb0051.png300": {"fileref": "", "size": 300, "filename": "tb0051.png", "base64_img_data": "", "file_attributes": {}, "regions": {"0": {"shape_attributes": {"name": "polygon", "all_points_x": [123, 233, 233, 123], "all_points_y": [133, 133, 269, 269]}, "region_attributes": {}}}}, "tb0052.png300": {"fileref": "", "size": 300, "filename": "tb0052.png", "base64_img_data": "", "file_attributes": {}, "regions": {"0": {"shape_attributes": {"name": "polygon", "all_points_x": [99, 261, 261, 99], "all_points_y": [52, 52, 343, 343]}, "region_attributes": {}}}}, "tb0053.png300": {"fileref": "", "size": 300, "filename": "tb0053.png", "base64_img_data": "", "file_attributes": {}, "regions": {"0": {"shape_attributes": {"name": "polygon", "all_points_x": [303, 456, 456, 303], "all_points_y": [83, 83, 350, 350]}, "region_attributes": {}}}}, "tb0054.png300": {"fileref": "", "size": 300, "filename": "tb0054.png", "base64_img_data": "", "file_attributes": {}, "regions": {"0": {"shape_attributes": {"name": "polygon", "all_points_x": [316, 371, 371, 316], "all_points_y": [84, 84, 182, 182]}, "region_attributes": {}}}}, "tb0056.png300": {"fileref": "", "size": 300, "filename": "tb0056.png", "base64_img_data": "", "file_attributes": {}, "regions": {"0": {"shape_attributes": {"name": "polygon", "all_points_x": [125, 273, 273, 125], "all_points_y": [71, 71, 220, 220]}, "region_attributes": {}}}}, "tb0057.png300": {"fileref": "", "size": 300, "filename": "tb0057.png", "base64_img_data": "", "file_attributes": {}, "regions": {"0": {"shape_attributes": {"name": "polygon", "all_points_x": [144, 246, 246, 144], "all_points_y": [102, 102, 227, 227]}, "region_attributes": {}}}}, "tb0059.png300": {"fileref": "", "size": 300, "filename": "tb0059.png", "base64_img_data": "", "file_attributes": {}, "regions": {"0": {"shape_attributes": {"name": "polygon", "all_points_x": [264, 461, 461, 264], "all_points_y": [44, 44, 275, 275]}, "region_attributes": {}}}}, "tb0062.png300": {"fileref": "", "size": 300, "filename": "tb0062.png", "base64_img_data": "", "file_attributes": {}, "regions": {"0": {"shape_attributes": {"name": "polygon", "all_points_x": [40, 242, 242, 40], "all_points_y": [45, 45, 287, 287]}, "region_attributes": {}}}}, "tb0063.png300": {"fileref": "", "size": 300, "filename": "tb0063.png", "base64_img_data": "", "file_attributes": {}, "regions": {"0": {"shape_attributes": {"name": "polygon", "all_points_x": [316, 395, 395, 316], "all_points_y": [160, 160, 246, 246]}, "region_attributes": {}}}}, "tb0065.png300": {"fileref": "", "size": 300, "filename": "tb0065.png", "base64_img_data": "", "file_attributes": {}, "regions": {"0": {"shape_attributes": {"name": "polygon", "all_points_x": [111, 201, 201, 111], "all_points_y": [106, 106, 209, 209]}, "region_attributes": {}}}}, "tb0066.png300": {"fileref": "", "size": 300, "filename": "tb0066.png", "base64_img_data": "", "file_attributes": {}, "regions": {"0": {"shape_attributes": {"name": "polygon", "all_points_x": [272, 432, 432, 272], "all_points_y": [60, 60, 243, 243]}, "region_attributes": {}}}}, "tb0068.png300": {"fileref": "", "size": 300, "filename": "tb0068.png", "base64_img_data": "", "file_attributes": {}, "regions": {"0": {"shape_attributes": {"name": "polygon", "all_points_x": [93, 231, 231, 93], "all_points_y": [66, 66, 202, 202]}, "region_attributes": {}}}}, "tb0069.png300": {"fileref": "", "size": 300, "filename": "tb0069.png", "base64_img_data": "", "file_attributes": {}, "regions": {"0": {"shape_attributes": {"name": "polygon", "all_points_x": [84, 189, 189, 84], "all_points_y": [99, 99, 217, 217]}, "region_attributes": {}}}}, "tb0071.png300": {"fileref": "", "size": 300, "filename": "tb0071.png", "base64_img_data": "", "file_attributes": {}, "regions": {"0": {"shape_attributes": {"name": "polygon", "all_points_x": [291, 434, 434, 291], "all_points_y": [72, 72, 314, 314]}, "region_attributes": {}}}}, "tb0073.png300": {"fileref": "", "size": 300, "filename": "tb0073.png", "base64_img_data": "", "file_attributes": {}, "regions": {"0": {"shape_attributes": {"name": "polygon", "all_points_x": [75, 180, 180, 75], "all_points_y": [118, 118, 211, 211]}, "region_attributes": {}}}}, "tb0075.png300": {"fileref": "", "size": 300, "filename": "tb0075.png", "base64_img_data": "", "file_attributes": {}, "regions": {"0": {"shape_attributes": {"name": "polygon", "all_points_x": [377, 451, 451, 377], "all_points_y": [178, 178, 236, 236]}, "region_attributes": {}}}}, "tb0076.png300": {"fileref": "", "size": 300, "filename": "tb0076.png", "base64_img_data": "", "file_attributes": {}, "regions": {"0": {"shape_attributes": {"name": "polygon", "all_points_x": [308, 429, 429, 308], "all_points_y": [67, 67, 187, 187]}, "region_attributes": {}}}}, "tb0077.png300": {"fileref": "", "size": 300, "filename": "tb0077.png", "base64_img_data": "", "file_attributes": {}, "regions": {"0": {"shape_attributes": {"name": "polygon", "all_points_x": [100, 227, 227, 100], "all_points_y": [109, 109, 226, 226]}, "region_attributes": {}}}}, "tb0079.png300": {"fileref": "", "size": 300, "filename": "tb0079.png", "base64_img_data": "", "file_attributes": {}, "regions": {"0": {"shape_attributes": {"name": "polygon", "all_points_x": [244, 320, 320, 244], "all_points_y": [107, 107, 180, 180]}, "region_attributes": {}}}}, "tb0080.png300": {"fileref": "", "size": 300, "filename": "tb0080.png", "base64_img_data": "", "file_attributes": {}, "regions": {"0": {"shape_attributes": {"name": "polygon", "all_points_x": [329, 370, 370, 329], "all_points_y": [204, 204, 266, 266]}, "region_attributes": {}}}}, "tb0081.png300": {"fileref": "", "size": 300, "filename": "tb0081.png", "base64_img_data": "", "file_attributes": {}, "regions": {"0": {"shape_attributes": {"name": "polygon", "all_points_x": [272, 439, 439, 272], "all_points_y": [31, 31, 150, 150]}, "region_attributes": {}}}}, "tb0082.png300": {"fileref": "", "size": 300, "filename": "tb0082.png", "base64_img_data": "", "file_attributes": {}, "regions": {"0": {"shape_attributes": {"name": "polygon", "all_points_x": [82, 232, 232, 82], "all_points_y": [32, 32, 149, 149]}, "region_attributes": {}}}}, "tb0083.png300": {"fileref": "", "size": 300, "filename": "tb0083.png", "base64_img_data": "", "file_attributes": {}, "regions": {"0": {"shape_attributes": {"name": "polygon", "all_points_x": [167, 246, 246, 167], "all_points_y": [39, 39, 108, 108]}, "region_attributes": {}}}}, "tb0084.png300": {"fileref": "", "size": 300, "filename": "tb0084.png", "base64_img_data": "", "file_attributes": {}, "regions": {"0": {"shape_attributes": {"name": "polygon", "all_points_x": [280, 361, 361, 280], "all_points_y": [63, 63, 156, 156]}, "region_attributes": {}}}}, "tb0085.png300": {"fileref": "", "size": 300, "filename": "tb0085.png", "base64_img_data": "", "file_attributes": {}, "regions": {"0": {"shape_attributes": {"name": "polygon", "all_points_x": [150, 238, 238, 150], "all_points_y": [58, 58, 164, 164]}, "region_attributes": {}}}}, "tb0086.png300": {"fileref": "", "size": 300, "filename": "tb0086.png", "base64_img_data": "", "file_attributes": {}, "regions": {"0": {"shape_attributes": {"name": "polygon", "all_points_x": [276, 392, 392, 276], "all_points_y": [85, 85, 253, 253]}, "region_attributes": {}}}}, "tb0087.png300": {"fileref": "", "size": 300, "filename": "tb0087.png", "base64_img_data": "", "file_attributes": {}, "regions": {"0": {"shape_attributes": {"name": "polygon", "all_points_x": [116, 234, 234, 116], "all_points_y": [39, 39, 203, 203]}, "region_attributes": {}}}}, "tb0088.png300": {"fileref": "", "size": 300, "filename": "tb0088.png", "base64_img_data": "", "file_attributes": {}, "regions": {"0": {"shape_attributes": {"name": "polygon", "all_points_x": [118, 259, 259, 118], "all_points_y": [72, 72, 265, 265]}, "region_attributes": {}}}}, "tb0089.png300": {"fileref": "", "size": 300, "filename": "tb0089.png", "base64_img_data": "", "file_attributes": {}, "regions": {"0": {"shape_attributes": {"name": "polygon", "all_points_x": [290, 413, 413, 290], "all_points_y": [53, 53, 195, 195]}, "region_attributes": {}}}}, "tb0090.png300": {"fileref": "", "size": 300, "filename": "tb0090.png", "base64_img_data": "", "file_attributes": {}, "regions": {"0": {"shape_attributes": {"name": "polygon", "all_points_x": [280, 459, 459, 280], "all_points_y": [58, 58, 340, 340]}, "region_attributes": {}}}}, "tb0091.png300": {"fileref": "", "size": 300, "filename": "tb0091.png", "base64_img_data": "", "file_attributes": {}, "regions": {"0": {"shape_attributes": {"name": "polygon", "all_points_x": [69, 243, 243, 69], "all_points_y": [62, 62, 382, 382]}, "region_attributes": {}}}}, "tb0092.png300": {"fileref": "", "size": 300, "filename": "tb0092.png", "base64_img_data": "", "file_attributes": {}, "regions": {"0": {"shape_attributes": {"name": "polygon", "all_points_x": [120, 165, 165, 120], "all_points_y": [165, 165, 207, 207]}, "region_attributes": {}}}}, "tb0094.png300": {"fileref": "", "size": 300, "filename": "tb0094.png", "base64_img_data": "", "file_attributes": {}, "regions": {"0": {"shape_attributes": {"name": "polygon", "all_points_x": [283, 417, 417, 283], "all_points_y": [86, 86, 249, 249]}, "region_attributes": {}}}}, "tb0095.png300": {"fileref": "", "size": 300, "filename": "tb0095.png", "base64_img_data": "", "file_attributes": {}, "regions": {"0": {"shape_attributes": {"name": "polygon", "all_points_x": [127, 245, 245, 127], "all_points_y": [81, 81, 213, 213]}, "region_attributes": {}}}}, "tb0096.png300": {"fileref": "", "size": 300, "filename": "tb0096.png", "base64_img_data": "", "file_attributes": {}, "regions": {"0": {"shape_attributes": {"name": "polygon", "all_points_x": [119, 261, 261, 119], "all_points_y": [43, 43, 206, 206]}, "region_attributes": {}}}}, "tb0098.png300": {"fileref": "", "size": 300, "filename": "tb0098.png", "base64_img_data": "", "file_attributes": {}, "regions": {"0": {"shape_attributes": {"name": "polygon", "all_points_x": [309, 429, 429, 309], "all_points_y": [36, 36, 218, 218]}, "region_attributes": {}}}}, "tb0100.png300": {"fileref": "", "size": 300, "filename": "tb0100.png", "base64_img_data": "", "file_attributes": {}, "regions": {"0": {"shape_attributes": {"name": "polygon", "all_points_x": [99, 222, 222, 99], "all_points_y": [40, 40, 151, 151]}, "region_attributes": {}}}}}